{"stats":{"minecraft:crafted":{"quark:blossom_planks":24,"butchersdelight:hook":1,"minecraft:iron_nugget":9,"minecraft:crafting_table":3,"minecraft:spruce_planks":3,"biomesoplenty:redwood_planks":20,"minecraft:wooden_pickaxe":2,"minecraft:furnace":1,"minecraft:campfire":2,"minecraft:stone_axe":1,"minecraft:air":110,"butchersdelight:rack":1,"minecraft:iron_chestplate":1,"minecraft:shield":1,"minecraft:iron_axe":1,"butchersdelight:roaster":1,"minecraft:stick":14,"minecraft:iron_ingot":23,"minecraft:iron_pickaxe":1,"minecraft:stone_pickaxe":2,"minecraft:iron_leggings":1,"minecraft:torch":7},"minecraft:mined":{"minecraft:glass_pane":1,"quark:yellow_blossom_leaves":4,"butchersdelight:rack":1,"minecraft:sculk_vein":1,"minecraft:crafting_table":3,"minecraft:torch":4,"butchersdelight:deadsheepblock":21,"minecraft:grass_block":15,"minecraft:campfire":1,"biomesoplenty:high_grass_plant":19,"minecraft:tall_grass":2,"minecraft:cobblestone":10,"biomesoplenty:huge_clover_petal":3,"minecraft:spruce_leaves":8,"minecraft:sculk":1,"minecraft:wall_torch":1,"minecraft:tall_seagrass":1,"minecraft:furnace":1,"minecraft:iron_ore":25,"minecraft:spruce_log":3,"minecraft:andesite":9,"treechop:chopped_log":3,"minecraft:grass":36,"biomesoplenty:clover":11,"supplementaries:stick":25,"minecraft:coal_ore":51,"biomesoplenty:high_grass":20,"biomesoplenty:redwood_log":1,"minecraft:gravel":2,"minecraft:dirt":11,"minecraft:stone":121,"soulsweapons:verglas_ore":2,"minecraft:fern":1},"minecraft:used":{"quark:blossom_log":1,"minecraft:cooked_mutton":7,"minecraft:stone_pickaxe":149,"minecraft:wooden_pickaxe":33,"minecraft:iron_sword":32,"minecraft:rotten_flesh":5,"minecraft:stick":25,"minecraft:torch":35,"minecraft:dirt":9,"minecraft:crafting_table":6,"minecraft:cod":2,"minecraft:campfire":1,"soul_like_armors_reworked:dagger":38,"minecraft:iron_axe":2,"minecraft:iron_pickaxe":43,"minecraft:gravel":2,"minecraft:stone_axe":96,"minecraft:cobblestone":35,"minecraft:furnace":2,"minecraft:andesite":7,"quark:blossom_planks":6,"butchersdelight:rack":1,"epicfight:uchigatana":24},"minecraft:picked_up":{"minecraft:iron_chestplate":2,"biomesoplenty:redwood_log":41,"minecraft:charcoal":2,"minecraft:crafting_table":3,"minecraft:feather":4,"minecraft:tripwire_hook":1,"minecraft:andesite":15,"minecraft:wooden_pickaxe":1,"minecraft:shield":1,"minecraft:gunpowder":2,"butchersdelight:rack":1,"minecraft:red_bed":2,"minecraft:dirt":90,"minecraft:iron_axe":2,"minecraft:iron_leggings":2,"minecraft:cooked_mutton":34,"minecraft:iron_shovel":1,"minecraft:bone":20,"minecraft:oak_sign":1,"minecraft:kelp":35,"minecraft:bow":1,"minecraft:wheat_seeds":11,"minecraft:spruce_planks":2,"minecraft:iron_ingot":7,"soul_like_armors_reworked:dagger":2,"minecraft:iron_sword":1,"minecraft:iron_boots":3,"minecraft:furnace":1,"wom:golden_chrono":2,"minecraft:stick":45,"minecraft:raw_iron":25,"samurai_dynasty:iron_samurai_helmet":3,"minecraft:torch":7,"minecraft:oak_pressure_plate":1,"wom:diamond_armbracelet":1,"minecraft:gravel":2,"quark:blossom_log":61,"epicfight:uchigatana":4,"minecraft:spruce_sapling":9,"minecraft:spruce_log":3,"quark:blossom_planks":1,"biomesoplenty:redwood_planks":52,"minecraft:arrow":2,"soul_like_armors_reworked:estusflask":16,"butchersdelight:deadsheep":23,"minecraft:rotten_flesh":44,"soulsweapons:verglas":2,"biomesoplenty:redwood_sapling":16,"butchersdelight:hook":1,"minecraft:black_wool":1,"minecraft:cod":4,"minecraft:coal":82,"minecraft:white_wool":3,"minecraft:cobblestone":132},"minecraft:killed":{"minecraft:bat":1,"minecraft:creeper":1,"minecraft:sheep":2,"minecraft:zombie":4},"minecraft:custom":{"minecraft:interact_with_furnace":15,"minecraft:mob_kills":8,"minecraft:interact_with_crafting_table":24,"minecraft:leave_game":1,"minecraft:time_since_death":67,"minecraft:climb_one_cm":1754,"minecraft:time_since_rest":125,"minecraft:sprint_one_cm":59561,"minecraft:damage_taken":2367,"minecraft:walk_one_cm":231516,"minecraft:drop":27,"minecraft:damage_dealt":3128,"minecraft:player_kills":1,"minecraft:swim_one_cm":9323,"minecraft:fly_one_cm":26010,"minecraft:open_chest":2,"minecraft:crouch_one_cm":30610,"minecraft:play_time":97409,"minecraft:deaths":7,"minecraft:sneak_time":11594,"minecraft:walk_under_water_one_cm":1060,"minecraft:boat_one_cm":22,"minecraft:jump":589,"minecraft:walk_on_water_one_cm":4034,"minecraft:total_world_time":97409,"minecraft:fall_one_cm":11679},"minecraft:broken":{"minecraft:stone_pickaxe":1},"minecraft:killed_by":{"minecraft:guardian":1,"minecraft:zombie":6},"minecraft:dropped":{"minecraft:iron_ingot":4,"minecraft:stone_axe":1,"minecraft:kelp":27,"epicfight:uchigatana":1,"biomesoplenty:redwood_sapling":6,"butchersdelight:roaster":1,"soul_like_armors_reworked:estusflask":7,"minecraft:feather":1,"minecraft:rotten_flesh":10,"minecraft:cooked_mutton":3,"minecraft:cod":2,"wom:golden_chrono":1,"minecraft:dirt":41,"minecraft:gunpowder":1,"quark:blossom_log":22,"minecraft:spruce_planks":1,"minecraft:andesite":4,"soul_like_armors_reworked:dagger":1,"butchersdelight:hook":1,"minecraft:campfire":1,"minecraft:white_wool":1,"minecraft:black_wool":1,"minecraft:spruce_sapling":3}},"DataVersion":3465}